agent_name,tool,task_id,score_0_to_5,time_mins,notes,failure_mode
placeholder,Claude (claude.ai),task_01_data_ingestion,0,0,PLACEHOLDER - replace with real run,none
placeholder,Codex (ChatGPT),task_01_data_ingestion,0,0,PLACEHOLDER - replace with real run,none
moham,Codex,task_01_data_ingestion,5,25.0,task_01_complete,none
Caroline,Antigravity,task_01_data_ingestion,5,15.0,clean output with outlier flags,none
dilara,Claude (claude.ai),task_01_data_ingestion,2,20.0,ran notebook all checks pass,none
dilara,Claude (claude.ai),task_02_eda,5,30.0,eda complete,none
moham,Codex,task_02_eda,5,25.0,eda complete,none
caroline,Antigravity,task_02_eda,4,20.0,3 plots eda_summary written -- notebook outputs not cleared,notebook outputs not cleared
caroline,Antigravity,task_03_baseline_model,5,30.0,ridge regression RMSE 115.18,test-only metrics on first run
caroline,Antigravity,task_04_improving_performance,4,35.0,histgradientboost targetencoder RMSE 106.07 -- no failed approaches documented,improvement_report documents only successful strategy
